<?xml version="1.0" encoding="UTF-8"?>
<beans xmlns="http://www.springframework.org/schema/beans"
	xmlns:xsi="http://www.w3.org/2001/XMLSchema-instance"
	xmlns:p="http://www.springframework.org/schema/p"
	xmlns:context="http://www.springframework.org/schema/context"
	xsi:schemaLocation="http://www.springframework.org/schema/beans
		http://www.springframework.org/schema/beans/spring-beans.xsd
		http://www.springframework.org/schema/context
		http://www.springframework.org/schema/context/spring-context.xsd">

	<bean class="org.springframework.jdbc.datasource.DriverManagerDataSource" name="ds">
		<property name="driverClassName" value="com.mysql.cj.jdbc.Driver" />
		<property name="url" value="jdbc:mysql://localhost:3306/springjdbc" />
		<property name="username" value="root" />
		<property name="password" value="root" />
	</bean>
	<bean class="org.springframework.jdbc.core.JdbcTemplate" name="jdbctemp">
		<property name="dataSource">
			<ref bean="ds" />
		</property>
	</bean>
	<bean class="com.yash.springjdbc.dao.StudentDaoImpl" name="StudentDao">
		<property name="jdbctemp">
			<ref bean="jdbctemp" />
		</property>
	</bean>

</beans>