<?xml version="1.0" encoding="UTF-8"?>
<beans xmlns="http://www.springframework.org/schema/beans"
 xmlns:xsi="http://www.w3.org/2001/XMLSchema-instance"
 xmlns:p="http://www.springframework.org/schema/p"
 xmlns:c="http://www.springframework.org/schema/c"

 xsi:schemaLocation="http://www.springframework.org/schema/beans
 http://www.springframework.org/schema/beans/spring-beans.xsd">
 
 <bean class="springciproperties.Employee" name="emp1">
 	<constructor-arg name="name" value="Justin"/>
 	<constructor-arg name="location">
 		<props>
 			<prop key="one">Indore</prop>
 			<prop key="two">Pune</prop>
 			<prop key="three">Hyderabad</prop>
 		</props>
 	</constructor-arg>
 
 </bean>
 
 

</beans>