<?xml version="1.0" encoding="UTF-8"?>
<beans xmlns="http://www.springframework.org/schema/beans"
 xmlns:xsi="http://www.w3.org/2001/XMLSchema-instance"
 xmlns:p="http://www.springframework.org/schema/p"
 xmlns:c="http://www.springframework.org/schema/c"

 xsi:schemaLocation="http://www.springframework.org/schema/beans
 http://www.springframework.org/schema/beans/spring-beans.xsd">

<!--  bean class="springciref.A" name="refa">
	<constructor-arg name />
</bean> -->


<bean class="springciref.B" name="refb">
		<constructor-arg name="y" value="100" />

	</bean>
	
	<bean class="springciref.A" name="refa">
		<constructor-arg name="x" value="200" />
		<constructor-arg name="b" ref="refb" />

	</bean>



</beans>