<?xml version="1.0" encoding="UTF-8"?>
<beans xmlns="http://www.springframework.org/schema/beans"
 xmlns:xsi="http://www.w3.org/2001/XMLSchema-instance"
 xmlns:p="http://www.springframework.org/schema/p"
 xmlns:c="http://www.springframework.org/schema/c"

 xsi:schemaLocation="http://www.springframework.org/schema/beans
 http://www.springframework.org/schema/beans/spring-beans.xsd">
 
 <bean class="springciset.Employee" name="emp1">
 	<constructor-arg name="name" value="Justin"/>
 	<constructor-arg name="address">
 		<set>
 			<value>Kerala</value>
 			<value>Delhi</value>
 			<value>Madhya Pradesh</value>
 		</set>
 	</constructor-arg>
 
 </bean>
 
 

</beans>