<?xml version="1.0" encoding="UTF-8"?>
<beans xmlns="http://www.springframework.org/schema/beans"
 xmlns:xsi="http://www.w3.org/2001/XMLSchema-instance"
 xmlns:p="http://www.springframework.org/schema/p"
 xsi:schemaLocation="http://www.springframework.org/schema/beans
 http://www.springframework.org/schema/beans/spring-beans.xsd">
 
 
 <bean class="com.yash.MSTGTFPF.Employee" name="emp1">
 <property name="id" value="101"/>
 <property name="name" value="Justin" />
 </bean>
 
 <bean class="com.yash.MSTGTFPF.Employee" name="emp2">
 <property name="id" value="102"/>
 <property name="name" value="Jithin" />
 </bean>
 
 <bean class="com.yash.MSTGTFPF.Employee" name="emp3">
 <property name="id" value="103"/>
 <property name="name" value="Ramesh" />
 </bean>
 
 <bean class="com.yash.MSTGTFPF.Employee" name="emp4">
 <property name="id" value="104"/>
 <property name="name" value="Suresh" />
 </bean>
 
 <bean id="messageSource" class="org.springframework.context.support.ResourceBundleMessageSource">
 <property name="basenames">
 <list>
 <value>com/yash/MSTGTFPF/mymessages</value>
 </list>
 </property>
 </bean>
 

</beans>